Column,Frequency,Percentage,Files
SUMLEV,5,10.0,"sc-est2022-agesex-civ.csv; sc-est2022-alldata6.csv; sc-est2022-alldata5.csv; NST-EST2022-POPCHG2020_2022.csv; NST-EST2022-ALLDATA.csv"
REGION,5,10.0,"sc-est2022-agesex-civ.csv; sc-est2022-alldata6.csv; sc-est2022-alldata5.csv; NST-EST2022-POPCHG2020_2022.csv; NST-EST2022-ALLDATA.csv"
DIVISION,5,10.0,"sc-est2022-agesex-civ.csv; sc-est2022-alldata6.csv; sc-est2022-alldata5.csv; NST-EST2022-POPCHG2020_2022.csv; NST-EST2022-ALLDATA.csv"
STATE,5,10.0,"sc-est2022-agesex-civ.csv; sc-est2022-alldata6.csv; sc-est2022-alldata5.csv; NST-EST2022-POPCHG2020_2022.csv; NST-EST2022-ALLDATA.csv"
NAME,9,18.0,"sc-est2022-agesex-civ.csv; sc-est2022-alldata6.csv; sc-est2022-alldata5.csv; NST-EST2022-POPCHG2020_2022.csv; NST-EST2022-ALLDATA.csv"
SEX,4,8.0,"sc-est2022-agesex-civ.csv; sc-est2022-alldata6.csv; sc-est2022-alldata5.csv; nc-est2022-agesex-res.csv"
AGE,44,88.0,"sc-est2022-agesex-civ.csv; sc-est2022-alldata6.csv; sc-est2022-alldata5.csv; nc-est2022-alldata-n-file06.csv; nc-est2022-alldata-p-file02.csv"
ESTBASE2020_CIV,1,2.0,"sc-est2022-agesex-civ.csv"
POPEST2020_CIV,1,2.0,"sc-est2022-agesex-civ.csv"
POPEST2021_CIV,1,2.0,"sc-est2022-agesex-civ.csv"
POPEST2022_CIV,1,2.0,"sc-est2022-agesex-civ.csv"
ORIGIN,2,4.0,"sc-est2022-alldata6.csv; sc-est2022-alldata5.csv"
RACE,2,4.0,"sc-est2022-alldata6.csv; sc-est2022-alldata5.csv"
ESTIMATESBASE2020,9,18.0,"sc-est2022-alldata6.csv; sc-est2022-alldata5.csv; NST-EST2022-POPCHG2020_2022.csv; NST-EST2022-ALLDATA.csv; nc-est2022-agesex-res.csv"
POPESTIMATE2020,9,18.0,"sc-est2022-alldata6.csv; sc-est2022-alldata5.csv; NST-EST2022-POPCHG2020_2022.csv; NST-EST2022-ALLDATA.csv; nc-est2022-agesex-res.csv"
POPESTIMATE2021,9,18.0,"sc-est2022-alldata6.csv; sc-est2022-alldata5.csv; NST-EST2022-POPCHG2020_2022.csv; NST-EST2022-ALLDATA.csv; nc-est2022-agesex-res.csv"
POPESTIMATE2022,9,18.0,"sc-est2022-alldata6.csv; sc-est2022-alldata5.csv; NST-EST2022-POPCHG2020_2022.csv; NST-EST2022-ALLDATA.csv; nc-est2022-agesex-res.csv"
NPOPCHG_2020,2,4.0,"NST-EST2022-POPCHG2020_2022.csv; NST-EST2022-ALLDATA.csv"
NPOPCHG_2021,2,4.0,"NST-EST2022-POPCHG2020_2022.csv; NST-EST2022-ALLDATA.csv"
NPOPCHG_2022,2,4.0,"NST-EST2022-POPCHG2020_2022.csv; NST-EST2022-ALLDATA.csv"
PPOPCHG_2020,1,2.0,"NST-EST2022-POPCHG2020_2022.csv"
PPOPCHG_2021,1,2.0,"NST-EST2022-POPCHG2020_2022.csv"
PPOPCHG_2022,1,2.0,"NST-EST2022-POPCHG2020_2022.csv"
NRANK_ESTBASE2020,1,2.0,"NST-EST2022-POPCHG2020_2022.csv"
NRANK_POPEST2020,1,2.0,"NST-EST2022-POPCHG2020_2022.csv"
NRANK_POPEST2021,1,2.0,"NST-EST2022-POPCHG2020_2022.csv"
NRANK_POPEST2022,1,2.0,"NST-EST2022-POPCHG2020_2022.csv"
NRANK_NPCHG2020,1,2.0,"NST-EST2022-POPCHG2020_2022.csv"
NRANK_NPCHG2021,1,2.0,"NST-EST2022-POPCHG2020_2022.csv"
NRANK_NPCHG2022,1,2.0,"NST-EST2022-POPCHG2020_2022.csv"
NRANK_PPCHG2020,1,2.0,"NST-EST2022-POPCHG2020_2022.csv"
NRANK_PPCHG2021,1,2.0,"NST-EST2022-POPCHG2020_2022.csv"
NRANK_PPCHG2022,1,2.0,"NST-EST2022-POPCHG2020_2022.csv"
BIRTHS2020,1,2.0,"NST-EST2022-ALLDATA.csv"
BIRTHS2021,1,2.0,"NST-EST2022-ALLDATA.csv"
BIRTHS2022,1,2.0,"NST-EST2022-ALLDATA.csv"
DEATHS2020,1,2.0,"NST-EST2022-ALLDATA.csv"
DEATHS2021,1,2.0,"NST-EST2022-ALLDATA.csv"
DEATHS2022,1,2.0,"NST-EST2022-ALLDATA.csv"
NATURALCHG2020,1,2.0,"NST-EST2022-ALLDATA.csv"
NATURALCHG2021,1,2.0,"NST-EST2022-ALLDATA.csv"
NATURALCHG2022,1,2.0,"NST-EST2022-ALLDATA.csv"
INTERNATIONALMIG2020,1,2.0,"NST-EST2022-ALLDATA.csv"
INTERNATIONALMIG2021,1,2.0,"NST-EST2022-ALLDATA.csv"
INTERNATIONALMIG2022,1,2.0,"NST-EST2022-ALLDATA.csv"
DOMESTICMIG2020,1,2.0,"NST-EST2022-ALLDATA.csv"
DOMESTICMIG2021,1,2.0,"NST-EST2022-ALLDATA.csv"
DOMESTICMIG2022,1,2.0,"NST-EST2022-ALLDATA.csv"
NETMIG2020,1,2.0,"NST-EST2022-ALLDATA.csv"
NETMIG2021,1,2.0,"NST-EST2022-ALLDATA.csv"
NETMIG2022,1,2.0,"NST-EST2022-ALLDATA.csv"
RESIDUAL2020,1,2.0,"NST-EST2022-ALLDATA.csv"
RESIDUAL2021,1,2.0,"NST-EST2022-ALLDATA.csv"
RESIDUAL2022,1,2.0,"NST-EST2022-ALLDATA.csv"
RBIRTH2021,1,2.0,"NST-EST2022-ALLDATA.csv"
RBIRTH2022,1,2.0,"NST-EST2022-ALLDATA.csv"
RDEATH2021,1,2.0,"NST-EST2022-ALLDATA.csv"
RDEATH2022,1,2.0,"NST-EST2022-ALLDATA.csv"
RNATURALCHG2021,1,2.0,"NST-EST2022-ALLDATA.csv"
RNATURALCHG2022,1,2.0,"NST-EST2022-ALLDATA.csv"
RINTERNATIONALMIG2021,1,2.0,"NST-EST2022-ALLDATA.csv"
RINTERNATIONALMIG2022,1,2.0,"NST-EST2022-ALLDATA.csv"
RDOMESTICMIG2021,1,2.0,"NST-EST2022-ALLDATA.csv"
RDOMESTICMIG2022,1,2.0,"NST-EST2022-ALLDATA.csv"
RNETMIG2021,1,2.0,"NST-EST2022-ALLDATA.csv"
RNETMIG2022,1,2.0,"NST-EST2022-ALLDATA.csv"
UNIVERSE,40,80.0,"nc-est2022-alldata-n-file06.csv; nc-est2022-alldata-p-file02.csv; nc-est2022-alldata-p-file07.csv; nc-est2022-alldata-p-file03.csv; nc-est2022-alldata-r-file07.csv"
MONTH,40,80.0,"nc-est2022-alldata-n-file06.csv; nc-est2022-alldata-p-file02.csv; nc-est2022-alldata-p-file07.csv; nc-est2022-alldata-p-file03.csv; nc-est2022-alldata-r-file07.csv"
YEAR,40,80.0,"nc-est2022-alldata-n-file06.csv; nc-est2022-alldata-p-file02.csv; nc-est2022-alldata-p-file07.csv; nc-est2022-alldata-p-file03.csv; nc-est2022-alldata-r-file07.csv"
TOT_POP,40,80.0,"nc-est2022-alldata-n-file06.csv; nc-est2022-alldata-p-file02.csv; nc-est2022-alldata-p-file07.csv; nc-est2022-alldata-p-file03.csv; nc-est2022-alldata-r-file07.csv"
TOT_MALE,40,80.0,"nc-est2022-alldata-n-file06.csv; nc-est2022-alldata-p-file02.csv; nc-est2022-alldata-p-file07.csv; nc-est2022-alldata-p-file03.csv; nc-est2022-alldata-r-file07.csv"
TOT_FEMALE,40,80.0,"nc-est2022-alldata-n-file06.csv; nc-est2022-alldata-p-file02.csv; nc-est2022-alldata-p-file07.csv; nc-est2022-alldata-p-file03.csv; nc-est2022-alldata-r-file07.csv"
WA_MALE,40,80.0,"nc-est2022-alldata-n-file06.csv; nc-est2022-alldata-p-file02.csv; nc-est2022-alldata-p-file07.csv; nc-est2022-alldata-p-file03.csv; nc-est2022-alldata-r-file07.csv"
WA_FEMALE,40,80.0,"nc-est2022-alldata-n-file06.csv; nc-est2022-alldata-p-file02.csv; nc-est2022-alldata-p-file07.csv; nc-est2022-alldata-p-file03.csv; nc-est2022-alldata-r-file07.csv"
BA_MALE,40,80.0,"nc-est2022-alldata-n-file06.csv; nc-est2022-alldata-p-file02.csv; nc-est2022-alldata-p-file07.csv; nc-est2022-alldata-p-file03.csv; nc-est2022-alldata-r-file07.csv"
BA_FEMALE,40,80.0,"nc-est2022-alldata-n-file06.csv; nc-est2022-alldata-p-file02.csv; nc-est2022-alldata-p-file07.csv; nc-est2022-alldata-p-file03.csv; nc-est2022-alldata-r-file07.csv"
IA_MALE,40,80.0,"nc-est2022-alldata-n-file06.csv; nc-est2022-alldata-p-file02.csv; nc-est2022-alldata-p-file07.csv; nc-est2022-alldata-p-file03.csv; nc-est2022-alldata-r-file07.csv"
IA_FEMALE,40,80.0,"nc-est2022-alldata-n-file06.csv; nc-est2022-alldata-p-file02.csv; nc-est2022-alldata-p-file07.csv; nc-est2022-alldata-p-file03.csv; nc-est2022-alldata-r-file07.csv"
AA_MALE,40,80.0,"nc-est2022-alldata-n-file06.csv; nc-est2022-alldata-p-file02.csv; nc-est2022-alldata-p-file07.csv; nc-est2022-alldata-p-file03.csv; nc-est2022-alldata-r-file07.csv"
AA_FEMALE,40,80.0,"nc-est2022-alldata-n-file06.csv; nc-est2022-alldata-p-file02.csv; nc-est2022-alldata-p-file07.csv; nc-est2022-alldata-p-file03.csv; nc-est2022-alldata-r-file07.csv"
NA_MALE,40,80.0,"nc-est2022-alldata-n-file06.csv; nc-est2022-alldata-p-file02.csv; nc-est2022-alldata-p-file07.csv; nc-est2022-alldata-p-file03.csv; nc-est2022-alldata-r-file07.csv"
NA_FEMALE,40,80.0,"nc-est2022-alldata-n-file06.csv; nc-est2022-alldata-p-file02.csv; nc-est2022-alldata-p-file07.csv; nc-est2022-alldata-p-file03.csv; nc-est2022-alldata-r-file07.csv"
TOM_MALE,40,80.0,"nc-est2022-alldata-n-file06.csv; nc-est2022-alldata-p-file02.csv; nc-est2022-alldata-p-file07.csv; nc-est2022-alldata-p-file03.csv; nc-est2022-alldata-r-file07.csv"
TOM_FEMALE,40,80.0,"nc-est2022-alldata-n-file06.csv; nc-est2022-alldata-p-file02.csv; nc-est2022-alldata-p-file07.csv; nc-est2022-alldata-p-file03.csv; nc-est2022-alldata-r-file07.csv"
WAC_MALE,40,80.0,"nc-est2022-alldata-n-file06.csv; nc-est2022-alldata-p-file02.csv; nc-est2022-alldata-p-file07.csv; nc-est2022-alldata-p-file03.csv; nc-est2022-alldata-r-file07.csv"
WAC_FEMALE,40,80.0,"nc-est2022-alldata-n-file06.csv; nc-est2022-alldata-p-file02.csv; nc-est2022-alldata-p-file07.csv; nc-est2022-alldata-p-file03.csv; nc-est2022-alldata-r-file07.csv"
BAC_MALE,40,80.0,"nc-est2022-alldata-n-file06.csv; nc-est2022-alldata-p-file02.csv; nc-est2022-alldata-p-file07.csv; nc-est2022-alldata-p-file03.csv; nc-est2022-alldata-r-file07.csv"
BAC_FEMALE,40,80.0,"nc-est2022-alldata-n-file06.csv; nc-est2022-alldata-p-file02.csv; nc-est2022-alldata-p-file07.csv; nc-est2022-alldata-p-file03.csv; nc-est2022-alldata-r-file07.csv"
IAC_MALE,40,80.0,"nc-est2022-alldata-n-file06.csv; nc-est2022-alldata-p-file02.csv; nc-est2022-alldata-p-file07.csv; nc-est2022-alldata-p-file03.csv; nc-est2022-alldata-r-file07.csv"
IAC_FEMALE,40,80.0,"nc-est2022-alldata-n-file06.csv; nc-est2022-alldata-p-file02.csv; nc-est2022-alldata-p-file07.csv; nc-est2022-alldata-p-file03.csv; nc-est2022-alldata-r-file07.csv"
AAC_MALE,40,80.0,"nc-est2022-alldata-n-file06.csv; nc-est2022-alldata-p-file02.csv; nc-est2022-alldata-p-file07.csv; nc-est2022-alldata-p-file03.csv; nc-est2022-alldata-r-file07.csv"
AAC_FEMALE,40,80.0,"nc-est2022-alldata-n-file06.csv; nc-est2022-alldata-p-file02.csv; nc-est2022-alldata-p-file07.csv; nc-est2022-alldata-p-file03.csv; nc-est2022-alldata-r-file07.csv"
NAC_MALE,40,80.0,"nc-est2022-alldata-n-file06.csv; nc-est2022-alldata-p-file02.csv; nc-est2022-alldata-p-file07.csv; nc-est2022-alldata-p-file03.csv; nc-est2022-alldata-r-file07.csv"
NAC_FEMALE,40,80.0,"nc-est2022-alldata-n-file06.csv; nc-est2022-alldata-p-file02.csv; nc-est2022-alldata-p-file07.csv; nc-est2022-alldata-p-file03.csv; nc-est2022-alldata-r-file07.csv"
NH_MALE,40,80.0,"nc-est2022-alldata-n-file06.csv; nc-est2022-alldata-p-file02.csv; nc-est2022-alldata-p-file07.csv; nc-est2022-alldata-p-file03.csv; nc-est2022-alldata-r-file07.csv"
NH_FEMALE,40,80.0,"nc-est2022-alldata-n-file06.csv; nc-est2022-alldata-p-file02.csv; nc-est2022-alldata-p-file07.csv; nc-est2022-alldata-p-file03.csv; nc-est2022-alldata-r-file07.csv"
NHWA_MALE,40,80.0,"nc-est2022-alldata-n-file06.csv; nc-est2022-alldata-p-file02.csv; nc-est2022-alldata-p-file07.csv; nc-est2022-alldata-p-file03.csv; nc-est2022-alldata-r-file07.csv"
NHWA_FEMALE,40,80.0,"nc-est2022-alldata-n-file06.csv; nc-est2022-alldata-p-file02.csv; nc-est2022-alldata-p-file07.csv; nc-est2022-alldata-p-file03.csv; nc-est2022-alldata-r-file07.csv"
NHBA_MALE,40,80.0,"nc-est2022-alldata-n-file06.csv; nc-est2022-alldata-p-file02.csv; nc-est2022-alldata-p-file07.csv; nc-est2022-alldata-p-file03.csv; nc-est2022-alldata-r-file07.csv"
NHBA_FEMALE,40,80.0,"nc-est2022-alldata-n-file06.csv; nc-est2022-alldata-p-file02.csv; nc-est2022-alldata-p-file07.csv; nc-est2022-alldata-p-file03.csv; nc-est2022-alldata-r-file07.csv"
NHIA_MALE,40,80.0,"nc-est2022-alldata-n-file06.csv; nc-est2022-alldata-p-file02.csv; nc-est2022-alldata-p-file07.csv; nc-est2022-alldata-p-file03.csv; nc-est2022-alldata-r-file07.csv"
NHIA_FEMALE,40,80.0,"nc-est2022-alldata-n-file06.csv; nc-est2022-alldata-p-file02.csv; nc-est2022-alldata-p-file07.csv; nc-est2022-alldata-p-file03.csv; nc-est2022-alldata-r-file07.csv"
NHAA_MALE,40,80.0,"nc-est2022-alldata-n-file06.csv; nc-est2022-alldata-p-file02.csv; nc-est2022-alldata-p-file07.csv; nc-est2022-alldata-p-file03.csv; nc-est2022-alldata-r-file07.csv"
NHAA_FEMALE,40,80.0,"nc-est2022-alldata-n-file06.csv; nc-est2022-alldata-p-file02.csv; nc-est2022-alldata-p-file07.csv; nc-est2022-alldata-p-file03.csv; nc-est2022-alldata-r-file07.csv"
NHNA_MALE,40,80.0,"nc-est2022-alldata-n-file06.csv; nc-est2022-alldata-p-file02.csv; nc-est2022-alldata-p-file07.csv; nc-est2022-alldata-p-file03.csv; nc-est2022-alldata-r-file07.csv"
NHNA_FEMALE,40,80.0,"nc-est2022-alldata-n-file06.csv; nc-est2022-alldata-p-file02.csv; nc-est2022-alldata-p-file07.csv; nc-est2022-alldata-p-file03.csv; nc-est2022-alldata-r-file07.csv"
NHTOM_MALE,40,80.0,"nc-est2022-alldata-n-file06.csv; nc-est2022-alldata-p-file02.csv; nc-est2022-alldata-p-file07.csv; nc-est2022-alldata-p-file03.csv; nc-est2022-alldata-r-file07.csv"
NHTOM_FEMALE,40,80.0,"nc-est2022-alldata-n-file06.csv; nc-est2022-alldata-p-file02.csv; nc-est2022-alldata-p-file07.csv; nc-est2022-alldata-p-file03.csv; nc-est2022-alldata-r-file07.csv"
NHWAC_MALE,40,80.0,"nc-est2022-alldata-n-file06.csv; nc-est2022-alldata-p-file02.csv; nc-est2022-alldata-p-file07.csv; nc-est2022-alldata-p-file03.csv; nc-est2022-alldata-r-file07.csv"
NHWAC_FEMALE,40,80.0,"nc-est2022-alldata-n-file06.csv; nc-est2022-alldata-p-file02.csv; nc-est2022-alldata-p-file07.csv; nc-est2022-alldata-p-file03.csv; nc-est2022-alldata-r-file07.csv"
NHBAC_MALE,40,80.0,"nc-est2022-alldata-n-file06.csv; nc-est2022-alldata-p-file02.csv; nc-est2022-alldata-p-file07.csv; nc-est2022-alldata-p-file03.csv; nc-est2022-alldata-r-file07.csv"
NHBAC_FEMALE,40,80.0,"nc-est2022-alldata-n-file06.csv; nc-est2022-alldata-p-file02.csv; nc-est2022-alldata-p-file07.csv; nc-est2022-alldata-p-file03.csv; nc-est2022-alldata-r-file07.csv"
NHIAC_MALE,40,80.0,"nc-est2022-alldata-n-file06.csv; nc-est2022-alldata-p-file02.csv; nc-est2022-alldata-p-file07.csv; nc-est2022-alldata-p-file03.csv; nc-est2022-alldata-r-file07.csv"
NHIAC_FEMALE,40,80.0,"nc-est2022-alldata-n-file06.csv; nc-est2022-alldata-p-file02.csv; nc-est2022-alldata-p-file07.csv; nc-est2022-alldata-p-file03.csv; nc-est2022-alldata-r-file07.csv"
NHAAC_MALE,40,80.0,"nc-est2022-alldata-n-file06.csv; nc-est2022-alldata-p-file02.csv; nc-est2022-alldata-p-file07.csv; nc-est2022-alldata-p-file03.csv; nc-est2022-alldata-r-file07.csv"
NHAAC_FEMALE,40,80.0,"nc-est2022-alldata-n-file06.csv; nc-est2022-alldata-p-file02.csv; nc-est2022-alldata-p-file07.csv; nc-est2022-alldata-p-file03.csv; nc-est2022-alldata-r-file07.csv"
NHNAC_MALE,40,80.0,"nc-est2022-alldata-n-file06.csv; nc-est2022-alldata-p-file02.csv; nc-est2022-alldata-p-file07.csv; nc-est2022-alldata-p-file03.csv; nc-est2022-alldata-r-file07.csv"
NHNAC_FEMALE,40,80.0,"nc-est2022-alldata-n-file06.csv; nc-est2022-alldata-p-file02.csv; nc-est2022-alldata-p-file07.csv; nc-est2022-alldata-p-file03.csv; nc-est2022-alldata-r-file07.csv"
H_MALE,40,80.0,"nc-est2022-alldata-n-file06.csv; nc-est2022-alldata-p-file02.csv; nc-est2022-alldata-p-file07.csv; nc-est2022-alldata-p-file03.csv; nc-est2022-alldata-r-file07.csv"
H_FEMALE,40,80.0,"nc-est2022-alldata-n-file06.csv; nc-est2022-alldata-p-file02.csv; nc-est2022-alldata-p-file07.csv; nc-est2022-alldata-p-file03.csv; nc-est2022-alldata-r-file07.csv"
HWA_MALE,40,80.0,"nc-est2022-alldata-n-file06.csv; nc-est2022-alldata-p-file02.csv; nc-est2022-alldata-p-file07.csv; nc-est2022-alldata-p-file03.csv; nc-est2022-alldata-r-file07.csv"
HWA_FEMALE,40,80.0,"nc-est2022-alldata-n-file06.csv; nc-est2022-alldata-p-file02.csv; nc-est2022-alldata-p-file07.csv; nc-est2022-alldata-p-file03.csv; nc-est2022-alldata-r-file07.csv"
HBA_MALE,40,80.0,"nc-est2022-alldata-n-file06.csv; nc-est2022-alldata-p-file02.csv; nc-est2022-alldata-p-file07.csv; nc-est2022-alldata-p-file03.csv; nc-est2022-alldata-r-file07.csv"
HBA_FEMALE,40,80.0,"nc-est2022-alldata-n-file06.csv; nc-est2022-alldata-p-file02.csv; nc-est2022-alldata-p-file07.csv; nc-est2022-alldata-p-file03.csv; nc-est2022-alldata-r-file07.csv"
HIA_MALE,40,80.0,"nc-est2022-alldata-n-file06.csv; nc-est2022-alldata-p-file02.csv; nc-est2022-alldata-p-file07.csv; nc-est2022-alldata-p-file03.csv; nc-est2022-alldata-r-file07.csv"
HIA_FEMALE,40,80.0,"nc-est2022-alldata-n-file06.csv; nc-est2022-alldata-p-file02.csv; nc-est2022-alldata-p-file07.csv; nc-est2022-alldata-p-file03.csv; nc-est2022-alldata-r-file07.csv"
HAA_MALE,40,80.0,"nc-est2022-alldata-n-file06.csv; nc-est2022-alldata-p-file02.csv; nc-est2022-alldata-p-file07.csv; nc-est2022-alldata-p-file03.csv; nc-est2022-alldata-r-file07.csv"
HAA_FEMALE,40,80.0,"nc-est2022-alldata-n-file06.csv; nc-est2022-alldata-p-file02.csv; nc-est2022-alldata-p-file07.csv; nc-est2022-alldata-p-file03.csv; nc-est2022-alldata-r-file07.csv"
HNA_MALE,40,80.0,"nc-est2022-alldata-n-file06.csv; nc-est2022-alldata-p-file02.csv; nc-est2022-alldata-p-file07.csv; nc-est2022-alldata-p-file03.csv; nc-est2022-alldata-r-file07.csv"
HNA_FEMALE,40,80.0,"nc-est2022-alldata-n-file06.csv; nc-est2022-alldata-p-file02.csv; nc-est2022-alldata-p-file07.csv; nc-est2022-alldata-p-file03.csv; nc-est2022-alldata-r-file07.csv"
HTOM_MALE,40,80.0,"nc-est2022-alldata-n-file06.csv; nc-est2022-alldata-p-file02.csv; nc-est2022-alldata-p-file07.csv; nc-est2022-alldata-p-file03.csv; nc-est2022-alldata-r-file07.csv"
HTOM_FEMALE,40,80.0,"nc-est2022-alldata-n-file06.csv; nc-est2022-alldata-p-file02.csv; nc-est2022-alldata-p-file07.csv; nc-est2022-alldata-p-file03.csv; nc-est2022-alldata-r-file07.csv"
HWAC_MALE,40,80.0,"nc-est2022-alldata-n-file06.csv; nc-est2022-alldata-p-file02.csv; nc-est2022-alldata-p-file07.csv; nc-est2022-alldata-p-file03.csv; nc-est2022-alldata-r-file07.csv"
HWAC_FEMALE,40,80.0,"nc-est2022-alldata-n-file06.csv; nc-est2022-alldata-p-file02.csv; nc-est2022-alldata-p-file07.csv; nc-est2022-alldata-p-file03.csv; nc-est2022-alldata-r-file07.csv"
HBAC_MALE,40,80.0,"nc-est2022-alldata-n-file06.csv; nc-est2022-alldata-p-file02.csv; nc-est2022-alldata-p-file07.csv; nc-est2022-alldata-p-file03.csv; nc-est2022-alldata-r-file07.csv"
HBAC_FEMALE,40,80.0,"nc-est2022-alldata-n-file06.csv; nc-est2022-alldata-p-file02.csv; nc-est2022-alldata-p-file07.csv; nc-est2022-alldata-p-file03.csv; nc-est2022-alldata-r-file07.csv"
HIAC_MALE,40,80.0,"nc-est2022-alldata-n-file06.csv; nc-est2022-alldata-p-file02.csv; nc-est2022-alldata-p-file07.csv; nc-est2022-alldata-p-file03.csv; nc-est2022-alldata-r-file07.csv"
HIAC_FEMALE,40,80.0,"nc-est2022-alldata-n-file06.csv; nc-est2022-alldata-p-file02.csv; nc-est2022-alldata-p-file07.csv; nc-est2022-alldata-p-file03.csv; nc-est2022-alldata-r-file07.csv"
HAAC_MALE,40,80.0,"nc-est2022-alldata-n-file06.csv; nc-est2022-alldata-p-file02.csv; nc-est2022-alldata-p-file07.csv; nc-est2022-alldata-p-file03.csv; nc-est2022-alldata-r-file07.csv"
HAAC_FEMALE,40,80.0,"nc-est2022-alldata-n-file06.csv; nc-est2022-alldata-p-file02.csv; nc-est2022-alldata-p-file07.csv; nc-est2022-alldata-p-file03.csv; nc-est2022-alldata-r-file07.csv"
HNAC_MALE,40,80.0,"nc-est2022-alldata-n-file06.csv; nc-est2022-alldata-p-file02.csv; nc-est2022-alldata-p-file07.csv; nc-est2022-alldata-p-file03.csv; nc-est2022-alldata-r-file07.csv"
HNAC_FEMALE,40,80.0,"nc-est2022-alldata-n-file06.csv; nc-est2022-alldata-p-file02.csv; nc-est2022-alldata-p-file07.csv; nc-est2022-alldata-p-file03.csv; nc-est2022-alldata-r-file07.csv"
CSA,1,2.0,"csa-est2022.csv"
CBSA,3,6.0,"csa-est2022.csv; prc-csa-est2022.csv; cbsa-est2022.csv"
MDIV,2,4.0,"csa-est2022.csv; cbsa-est2022.csv"
STCOU,4,8.0,"csa-est2022.csv; prc-cbsa-est2022.csv; prc-csa-est2022.csv; cbsa-est2022.csv"
LSAD,4,8.0,"csa-est2022.csv; prc-cbsa-est2022.csv; prc-csa-est2022.csv; cbsa-est2022.csv"
NPOPCHG2020,4,8.0,"csa-est2022.csv; prc-cbsa-est2022.csv; prc-csa-est2022.csv; cbsa-est2022.csv"
NPOPCHG2021,4,8.0,"csa-est2022.csv; prc-cbsa-est2022.csv; prc-csa-est2022.csv; cbsa-est2022.csv"
NPOPCHG2022,4,8.0,"csa-est2022.csv; prc-cbsa-est2022.csv; prc-csa-est2022.csv; cbsa-est2022.csv"
﻿CBSA,1,2.0,"prc-cbsa-est2022.csv"
﻿CSA,1,2.0,"prc-csa-est2022.csv"
