Column,Frequency,Percentage,Files_Count,Sample_Files
AGE,46,92.0,46,"nc-est2019-agesex-res.csv; nc-est2018-agesex-res.csv; sc-est2022-agesex-civ.csv"
UNIVERSE,40,80.0,40,"nc-est2022-alldata-n-file06.csv; nc-est2022-alldata-p-file02.csv; nc-est2022-alldata-p-file07.csv"
MONTH,40,80.0,40,"nc-est2022-alldata-n-file06.csv; nc-est2022-alldata-p-file02.csv; nc-est2022-alldata-p-file07.csv"
YEAR,40,80.0,40,"nc-est2022-alldata-n-file06.csv; nc-est2022-alldata-p-file02.csv; nc-est2022-alldata-p-file07.csv"
TOT_POP,40,80.0,40,"nc-est2022-alldata-n-file06.csv; nc-est2022-alldata-p-file02.csv; nc-est2022-alldata-p-file07.csv"
TOT_MALE,40,80.0,40,"nc-est2022-alldata-n-file06.csv; nc-est2022-alldata-p-file02.csv; nc-est2022-alldata-p-file07.csv"
TOT_FEMALE,40,80.0,40,"nc-est2022-alldata-n-file06.csv; nc-est2022-alldata-p-file02.csv; nc-est2022-alldata-p-file07.csv"
WA_MALE,40,80.0,40,"nc-est2022-alldata-n-file06.csv; nc-est2022-alldata-p-file02.csv; nc-est2022-alldata-p-file07.csv"
WA_FEMALE,40,80.0,40,"nc-est2022-alldata-n-file06.csv; nc-est2022-alldata-p-file02.csv; nc-est2022-alldata-p-file07.csv"
BA_MALE,40,80.0,40,"nc-est2022-alldata-n-file06.csv; nc-est2022-alldata-p-file02.csv; nc-est2022-alldata-p-file07.csv"
BA_FEMALE,40,80.0,40,"nc-est2022-alldata-n-file06.csv; nc-est2022-alldata-p-file02.csv; nc-est2022-alldata-p-file07.csv"
IA_MALE,40,80.0,40,"nc-est2022-alldata-n-file06.csv; nc-est2022-alldata-p-file02.csv; nc-est2022-alldata-p-file07.csv"
IA_FEMALE,40,80.0,40,"nc-est2022-alldata-n-file06.csv; nc-est2022-alldata-p-file02.csv; nc-est2022-alldata-p-file07.csv"
AA_MALE,40,80.0,40,"nc-est2022-alldata-n-file06.csv; nc-est2022-alldata-p-file02.csv; nc-est2022-alldata-p-file07.csv"
AA_FEMALE,40,80.0,40,"nc-est2022-alldata-n-file06.csv; nc-est2022-alldata-p-file02.csv; nc-est2022-alldata-p-file07.csv"
NA_MALE,40,80.0,40,"nc-est2022-alldata-n-file06.csv; nc-est2022-alldata-p-file02.csv; nc-est2022-alldata-p-file07.csv"
NA_FEMALE,40,80.0,40,"nc-est2022-alldata-n-file06.csv; nc-est2022-alldata-p-file02.csv; nc-est2022-alldata-p-file07.csv"
TOM_MALE,40,80.0,40,"nc-est2022-alldata-n-file06.csv; nc-est2022-alldata-p-file02.csv; nc-est2022-alldata-p-file07.csv"
TOM_FEMALE,40,80.0,40,"nc-est2022-alldata-n-file06.csv; nc-est2022-alldata-p-file02.csv; nc-est2022-alldata-p-file07.csv"
WAC_MALE,40,80.0,40,"nc-est2022-alldata-n-file06.csv; nc-est2022-alldata-p-file02.csv; nc-est2022-alldata-p-file07.csv"
WAC_FEMALE,40,80.0,40,"nc-est2022-alldata-n-file06.csv; nc-est2022-alldata-p-file02.csv; nc-est2022-alldata-p-file07.csv"
BAC_MALE,40,80.0,40,"nc-est2022-alldata-n-file06.csv; nc-est2022-alldata-p-file02.csv; nc-est2022-alldata-p-file07.csv"
BAC_FEMALE,40,80.0,40,"nc-est2022-alldata-n-file06.csv; nc-est2022-alldata-p-file02.csv; nc-est2022-alldata-p-file07.csv"
IAC_MALE,40,80.0,40,"nc-est2022-alldata-n-file06.csv; nc-est2022-alldata-p-file02.csv; nc-est2022-alldata-p-file07.csv"
IAC_FEMALE,40,80.0,40,"nc-est2022-alldata-n-file06.csv; nc-est2022-alldata-p-file02.csv; nc-est2022-alldata-p-file07.csv"
AAC_MALE,40,80.0,40,"nc-est2022-alldata-n-file06.csv; nc-est2022-alldata-p-file02.csv; nc-est2022-alldata-p-file07.csv"
AAC_FEMALE,40,80.0,40,"nc-est2022-alldata-n-file06.csv; nc-est2022-alldata-p-file02.csv; nc-est2022-alldata-p-file07.csv"
NAC_MALE,40,80.0,40,"nc-est2022-alldata-n-file06.csv; nc-est2022-alldata-p-file02.csv; nc-est2022-alldata-p-file07.csv"
NAC_FEMALE,40,80.0,40,"nc-est2022-alldata-n-file06.csv; nc-est2022-alldata-p-file02.csv; nc-est2022-alldata-p-file07.csv"
NH_MALE,40,80.0,40,"nc-est2022-alldata-n-file06.csv; nc-est2022-alldata-p-file02.csv; nc-est2022-alldata-p-file07.csv"
NH_FEMALE,40,80.0,40,"nc-est2022-alldata-n-file06.csv; nc-est2022-alldata-p-file02.csv; nc-est2022-alldata-p-file07.csv"
NHWA_MALE,40,80.0,40,"nc-est2022-alldata-n-file06.csv; nc-est2022-alldata-p-file02.csv; nc-est2022-alldata-p-file07.csv"
NHWA_FEMALE,40,80.0,40,"nc-est2022-alldata-n-file06.csv; nc-est2022-alldata-p-file02.csv; nc-est2022-alldata-p-file07.csv"
NHBA_MALE,40,80.0,40,"nc-est2022-alldata-n-file06.csv; nc-est2022-alldata-p-file02.csv; nc-est2022-alldata-p-file07.csv"
NHBA_FEMALE,40,80.0,40,"nc-est2022-alldata-n-file06.csv; nc-est2022-alldata-p-file02.csv; nc-est2022-alldata-p-file07.csv"
NHIA_MALE,40,80.0,40,"nc-est2022-alldata-n-file06.csv; nc-est2022-alldata-p-file02.csv; nc-est2022-alldata-p-file07.csv"
NHIA_FEMALE,40,80.0,40,"nc-est2022-alldata-n-file06.csv; nc-est2022-alldata-p-file02.csv; nc-est2022-alldata-p-file07.csv"
NHAA_MALE,40,80.0,40,"nc-est2022-alldata-n-file06.csv; nc-est2022-alldata-p-file02.csv; nc-est2022-alldata-p-file07.csv"
NHAA_FEMALE,40,80.0,40,"nc-est2022-alldata-n-file06.csv; nc-est2022-alldata-p-file02.csv; nc-est2022-alldata-p-file07.csv"
NHNA_MALE,40,80.0,40,"nc-est2022-alldata-n-file06.csv; nc-est2022-alldata-p-file02.csv; nc-est2022-alldata-p-file07.csv"
NHNA_FEMALE,40,80.0,40,"nc-est2022-alldata-n-file06.csv; nc-est2022-alldata-p-file02.csv; nc-est2022-alldata-p-file07.csv"
NHTOM_MALE,40,80.0,40,"nc-est2022-alldata-n-file06.csv; nc-est2022-alldata-p-file02.csv; nc-est2022-alldata-p-file07.csv"
NHTOM_FEMALE,40,80.0,40,"nc-est2022-alldata-n-file06.csv; nc-est2022-alldata-p-file02.csv; nc-est2022-alldata-p-file07.csv"
NHWAC_MALE,40,80.0,40,"nc-est2022-alldata-n-file06.csv; nc-est2022-alldata-p-file02.csv; nc-est2022-alldata-p-file07.csv"
NHWAC_FEMALE,40,80.0,40,"nc-est2022-alldata-n-file06.csv; nc-est2022-alldata-p-file02.csv; nc-est2022-alldata-p-file07.csv"
NHBAC_MALE,40,80.0,40,"nc-est2022-alldata-n-file06.csv; nc-est2022-alldata-p-file02.csv; nc-est2022-alldata-p-file07.csv"
NHBAC_FEMALE,40,80.0,40,"nc-est2022-alldata-n-file06.csv; nc-est2022-alldata-p-file02.csv; nc-est2022-alldata-p-file07.csv"
NHIAC_MALE,40,80.0,40,"nc-est2022-alldata-n-file06.csv; nc-est2022-alldata-p-file02.csv; nc-est2022-alldata-p-file07.csv"
NHIAC_FEMALE,40,80.0,40,"nc-est2022-alldata-n-file06.csv; nc-est2022-alldata-p-file02.csv; nc-est2022-alldata-p-file07.csv"
NHAAC_MALE,40,80.0,40,"nc-est2022-alldata-n-file06.csv; nc-est2022-alldata-p-file02.csv; nc-est2022-alldata-p-file07.csv"
NHAAC_FEMALE,40,80.0,40,"nc-est2022-alldata-n-file06.csv; nc-est2022-alldata-p-file02.csv; nc-est2022-alldata-p-file07.csv"
NHNAC_MALE,40,80.0,40,"nc-est2022-alldata-n-file06.csv; nc-est2022-alldata-p-file02.csv; nc-est2022-alldata-p-file07.csv"
NHNAC_FEMALE,40,80.0,40,"nc-est2022-alldata-n-file06.csv; nc-est2022-alldata-p-file02.csv; nc-est2022-alldata-p-file07.csv"
H_MALE,40,80.0,40,"nc-est2022-alldata-n-file06.csv; nc-est2022-alldata-p-file02.csv; nc-est2022-alldata-p-file07.csv"
H_FEMALE,40,80.0,40,"nc-est2022-alldata-n-file06.csv; nc-est2022-alldata-p-file02.csv; nc-est2022-alldata-p-file07.csv"
HWA_MALE,40,80.0,40,"nc-est2022-alldata-n-file06.csv; nc-est2022-alldata-p-file02.csv; nc-est2022-alldata-p-file07.csv"
HWA_FEMALE,40,80.0,40,"nc-est2022-alldata-n-file06.csv; nc-est2022-alldata-p-file02.csv; nc-est2022-alldata-p-file07.csv"
HBA_MALE,40,80.0,40,"nc-est2022-alldata-n-file06.csv; nc-est2022-alldata-p-file02.csv; nc-est2022-alldata-p-file07.csv"
HBA_FEMALE,40,80.0,40,"nc-est2022-alldata-n-file06.csv; nc-est2022-alldata-p-file02.csv; nc-est2022-alldata-p-file07.csv"
HIA_MALE,40,80.0,40,"nc-est2022-alldata-n-file06.csv; nc-est2022-alldata-p-file02.csv; nc-est2022-alldata-p-file07.csv"
HIA_FEMALE,40,80.0,40,"nc-est2022-alldata-n-file06.csv; nc-est2022-alldata-p-file02.csv; nc-est2022-alldata-p-file07.csv"
HAA_MALE,40,80.0,40,"nc-est2022-alldata-n-file06.csv; nc-est2022-alldata-p-file02.csv; nc-est2022-alldata-p-file07.csv"
HAA_FEMALE,40,80.0,40,"nc-est2022-alldata-n-file06.csv; nc-est2022-alldata-p-file02.csv; nc-est2022-alldata-p-file07.csv"
HNA_MALE,40,80.0,40,"nc-est2022-alldata-n-file06.csv; nc-est2022-alldata-p-file02.csv; nc-est2022-alldata-p-file07.csv"
HNA_FEMALE,40,80.0,40,"nc-est2022-alldata-n-file06.csv; nc-est2022-alldata-p-file02.csv; nc-est2022-alldata-p-file07.csv"
HTOM_MALE,40,80.0,40,"nc-est2022-alldata-n-file06.csv; nc-est2022-alldata-p-file02.csv; nc-est2022-alldata-p-file07.csv"
HTOM_FEMALE,40,80.0,40,"nc-est2022-alldata-n-file06.csv; nc-est2022-alldata-p-file02.csv; nc-est2022-alldata-p-file07.csv"
HWAC_MALE,40,80.0,40,"nc-est2022-alldata-n-file06.csv; nc-est2022-alldata-p-file02.csv; nc-est2022-alldata-p-file07.csv"
HWAC_FEMALE,40,80.0,40,"nc-est2022-alldata-n-file06.csv; nc-est2022-alldata-p-file02.csv; nc-est2022-alldata-p-file07.csv"
HBAC_MALE,40,80.0,40,"nc-est2022-alldata-n-file06.csv; nc-est2022-alldata-p-file02.csv; nc-est2022-alldata-p-file07.csv"
HBAC_FEMALE,40,80.0,40,"nc-est2022-alldata-n-file06.csv; nc-est2022-alldata-p-file02.csv; nc-est2022-alldata-p-file07.csv"
HIAC_MALE,40,80.0,40,"nc-est2022-alldata-n-file06.csv; nc-est2022-alldata-p-file02.csv; nc-est2022-alldata-p-file07.csv"
HIAC_FEMALE,40,80.0,40,"nc-est2022-alldata-n-file06.csv; nc-est2022-alldata-p-file02.csv; nc-est2022-alldata-p-file07.csv"
HAAC_MALE,40,80.0,40,"nc-est2022-alldata-n-file06.csv; nc-est2022-alldata-p-file02.csv; nc-est2022-alldata-p-file07.csv"
HAAC_FEMALE,40,80.0,40,"nc-est2022-alldata-n-file06.csv; nc-est2022-alldata-p-file02.csv; nc-est2022-alldata-p-file07.csv"
HNAC_MALE,40,80.0,40,"nc-est2022-alldata-n-file06.csv; nc-est2022-alldata-p-file02.csv; nc-est2022-alldata-p-file07.csv"
HNAC_FEMALE,40,80.0,40,"nc-est2022-alldata-n-file06.csv; nc-est2022-alldata-p-file02.csv; nc-est2022-alldata-p-file07.csv"
SEX,6,12.0,6,"nc-est2019-agesex-res.csv; nc-est2018-agesex-res.csv; sc-est2022-agesex-civ.csv"
SUMLEV,6,12.0,6,"co-est2018-alldata.csv; sc-est2022-agesex-civ.csv; sc-est2022-alldata6.csv"
REGION,6,12.0,6,"co-est2018-alldata.csv; sc-est2022-agesex-civ.csv; sc-est2022-alldata6.csv"
DIVISION,6,12.0,6,"co-est2018-alldata.csv; sc-est2022-agesex-civ.csv; sc-est2022-alldata6.csv"
STATE,6,12.0,6,"co-est2018-alldata.csv; sc-est2022-agesex-civ.csv; sc-est2022-alldata6.csv"
NAME,6,12.0,6,"csa-est2018-alldata.csv; sc-est2022-agesex-civ.csv; sc-est2022-alldata6.csv"
ESTIMATESBASE2020,5,10.0,5,"sc-est2022-alldata6.csv; sc-est2022-alldata5.csv; NST-EST2022-POPCHG2020_2022.csv"
POPESTIMATE2020,5,10.0,5,"sc-est2022-alldata6.csv; sc-est2022-alldata5.csv; NST-EST2022-POPCHG2020_2022.csv"
POPESTIMATE2021,5,10.0,5,"sc-est2022-alldata6.csv; sc-est2022-alldata5.csv; NST-EST2022-POPCHG2020_2022.csv"
POPESTIMATE2022,5,10.0,5,"sc-est2022-alldata6.csv; sc-est2022-alldata5.csv; NST-EST2022-POPCHG2020_2022.csv"
CENSUS2010POP,4,8.0,4,"nc-est2019-agesex-res.csv; co-est2018-alldata.csv; csa-est2018-alldata.csv"
ESTIMATESBASE2010,4,8.0,4,"nc-est2019-agesex-res.csv; co-est2018-alldata.csv; csa-est2018-alldata.csv"
POPESTIMATE2010,4,8.0,4,"nc-est2019-agesex-res.csv; co-est2018-alldata.csv; csa-est2018-alldata.csv"
POPESTIMATE2011,4,8.0,4,"nc-est2019-agesex-res.csv; co-est2018-alldata.csv; csa-est2018-alldata.csv"
POPESTIMATE2012,4,8.0,4,"nc-est2019-agesex-res.csv; co-est2018-alldata.csv; csa-est2018-alldata.csv"
POPESTIMATE2013,4,8.0,4,"nc-est2019-agesex-res.csv; co-est2018-alldata.csv; csa-est2018-alldata.csv"
POPESTIMATE2014,4,8.0,4,"nc-est2019-agesex-res.csv; co-est2018-alldata.csv; csa-est2018-alldata.csv"
POPESTIMATE2015,4,8.0,4,"nc-est2019-agesex-res.csv; co-est2018-alldata.csv; csa-est2018-alldata.csv"
POPESTIMATE2016,4,8.0,4,"nc-est2019-agesex-res.csv; co-est2018-alldata.csv; csa-est2018-alldata.csv"
POPESTIMATE2017,4,8.0,4,"nc-est2019-agesex-res.csv; co-est2018-alldata.csv; csa-est2018-alldata.csv"
POPESTIMATE2018,4,8.0,4,"nc-est2019-agesex-res.csv; co-est2018-alldata.csv; csa-est2018-alldata.csv"
BIRTHS2010,2,4.0,2,"co-est2018-alldata.csv; csa-est2018-alldata.csv"
BIRTHS2011,2,4.0,2,"co-est2018-alldata.csv; csa-est2018-alldata.csv"
BIRTHS2012,2,4.0,2,"co-est2018-alldata.csv; csa-est2018-alldata.csv"
BIRTHS2013,2,4.0,2,"co-est2018-alldata.csv; csa-est2018-alldata.csv"
BIRTHS2014,2,4.0,2,"co-est2018-alldata.csv; csa-est2018-alldata.csv"
BIRTHS2015,2,4.0,2,"co-est2018-alldata.csv; csa-est2018-alldata.csv"
BIRTHS2016,2,4.0,2,"co-est2018-alldata.csv; csa-est2018-alldata.csv"
BIRTHS2017,2,4.0,2,"co-est2018-alldata.csv; csa-est2018-alldata.csv"
BIRTHS2018,2,4.0,2,"co-est2018-alldata.csv; csa-est2018-alldata.csv"
DEATHS2010,2,4.0,2,"co-est2018-alldata.csv; csa-est2018-alldata.csv"
DEATHS2011,2,4.0,2,"co-est2018-alldata.csv; csa-est2018-alldata.csv"
DEATHS2012,2,4.0,2,"co-est2018-alldata.csv; csa-est2018-alldata.csv"
DEATHS2013,2,4.0,2,"co-est2018-alldata.csv; csa-est2018-alldata.csv"
DEATHS2014,2,4.0,2,"co-est2018-alldata.csv; csa-est2018-alldata.csv"
DEATHS2015,2,4.0,2,"co-est2018-alldata.csv; csa-est2018-alldata.csv"
DEATHS2016,2,4.0,2,"co-est2018-alldata.csv; csa-est2018-alldata.csv"
DEATHS2017,2,4.0,2,"co-est2018-alldata.csv; csa-est2018-alldata.csv"
DEATHS2018,2,4.0,2,"co-est2018-alldata.csv; csa-est2018-alldata.csv"
NATURALINC2010,2,4.0,2,"co-est2018-alldata.csv; csa-est2018-alldata.csv"
NATURALINC2011,2,4.0,2,"co-est2018-alldata.csv; csa-est2018-alldata.csv"
NATURALINC2012,2,4.0,2,"co-est2018-alldata.csv; csa-est2018-alldata.csv"
NATURALINC2013,2,4.0,2,"co-est2018-alldata.csv; csa-est2018-alldata.csv"
NATURALINC2014,2,4.0,2,"co-est2018-alldata.csv; csa-est2018-alldata.csv"
NATURALINC2015,2,4.0,2,"co-est2018-alldata.csv; csa-est2018-alldata.csv"
NATURALINC2016,2,4.0,2,"co-est2018-alldata.csv; csa-est2018-alldata.csv"
NATURALINC2017,2,4.0,2,"co-est2018-alldata.csv; csa-est2018-alldata.csv"
NATURALINC2018,2,4.0,2,"co-est2018-alldata.csv; csa-est2018-alldata.csv"
INTERNATIONALMIG2010,2,4.0,2,"co-est2018-alldata.csv; csa-est2018-alldata.csv"
INTERNATIONALMIG2011,2,4.0,2,"co-est2018-alldata.csv; csa-est2018-alldata.csv"
INTERNATIONALMIG2012,2,4.0,2,"co-est2018-alldata.csv; csa-est2018-alldata.csv"
INTERNATIONALMIG2013,2,4.0,2,"co-est2018-alldata.csv; csa-est2018-alldata.csv"
INTERNATIONALMIG2014,2,4.0,2,"co-est2018-alldata.csv; csa-est2018-alldata.csv"
INTERNATIONALMIG2015,2,4.0,2,"co-est2018-alldata.csv; csa-est2018-alldata.csv"
INTERNATIONALMIG2016,2,4.0,2,"co-est2018-alldata.csv; csa-est2018-alldata.csv"
INTERNATIONALMIG2017,2,4.0,2,"co-est2018-alldata.csv; csa-est2018-alldata.csv"
INTERNATIONALMIG2018,2,4.0,2,"co-est2018-alldata.csv; csa-est2018-alldata.csv"
DOMESTICMIG2010,2,4.0,2,"co-est2018-alldata.csv; csa-est2018-alldata.csv"
DOMESTICMIG2011,2,4.0,2,"co-est2018-alldata.csv; csa-est2018-alldata.csv"
DOMESTICMIG2012,2,4.0,2,"co-est2018-alldata.csv; csa-est2018-alldata.csv"
DOMESTICMIG2013,2,4.0,2,"co-est2018-alldata.csv; csa-est2018-alldata.csv"
DOMESTICMIG2014,2,4.0,2,"co-est2018-alldata.csv; csa-est2018-alldata.csv"
DOMESTICMIG2015,2,4.0,2,"co-est2018-alldata.csv; csa-est2018-alldata.csv"
DOMESTICMIG2016,2,4.0,2,"co-est2018-alldata.csv; csa-est2018-alldata.csv"
DOMESTICMIG2017,2,4.0,2,"co-est2018-alldata.csv; csa-est2018-alldata.csv"
DOMESTICMIG2018,2,4.0,2,"co-est2018-alldata.csv; csa-est2018-alldata.csv"
NETMIG2010,2,4.0,2,"co-est2018-alldata.csv; csa-est2018-alldata.csv"
NETMIG2011,2,4.0,2,"co-est2018-alldata.csv; csa-est2018-alldata.csv"
NETMIG2012,2,4.0,2,"co-est2018-alldata.csv; csa-est2018-alldata.csv"
NETMIG2013,2,4.0,2,"co-est2018-alldata.csv; csa-est2018-alldata.csv"
NETMIG2014,2,4.0,2,"co-est2018-alldata.csv; csa-est2018-alldata.csv"
NETMIG2015,2,4.0,2,"co-est2018-alldata.csv; csa-est2018-alldata.csv"
NETMIG2016,2,4.0,2,"co-est2018-alldata.csv; csa-est2018-alldata.csv"
NETMIG2017,2,4.0,2,"co-est2018-alldata.csv; csa-est2018-alldata.csv"
NETMIG2018,2,4.0,2,"co-est2018-alldata.csv; csa-est2018-alldata.csv"
RESIDUAL2010,2,4.0,2,"co-est2018-alldata.csv; csa-est2018-alldata.csv"
RESIDUAL2011,2,4.0,2,"co-est2018-alldata.csv; csa-est2018-alldata.csv"
RESIDUAL2012,2,4.0,2,"co-est2018-alldata.csv; csa-est2018-alldata.csv"
RESIDUAL2013,2,4.0,2,"co-est2018-alldata.csv; csa-est2018-alldata.csv"
RESIDUAL2014,2,4.0,2,"co-est2018-alldata.csv; csa-est2018-alldata.csv"
RESIDUAL2015,2,4.0,2,"co-est2018-alldata.csv; csa-est2018-alldata.csv"
RESIDUAL2016,2,4.0,2,"co-est2018-alldata.csv; csa-est2018-alldata.csv"
RESIDUAL2017,2,4.0,2,"co-est2018-alldata.csv; csa-est2018-alldata.csv"
RESIDUAL2018,2,4.0,2,"co-est2018-alldata.csv; csa-est2018-alldata.csv"
ORIGIN,2,4.0,2,"sc-est2022-alldata6.csv; sc-est2022-alldata5.csv"
RACE,2,4.0,2,"sc-est2022-alldata6.csv; sc-est2022-alldata5.csv"
NPOPCHG_2020,2,4.0,2,"NST-EST2022-POPCHG2020_2022.csv; NST-EST2022-ALLDATA.csv"
NPOPCHG_2021,2,4.0,2,"NST-EST2022-POPCHG2020_2022.csv; NST-EST2022-ALLDATA.csv"
NPOPCHG_2022,2,4.0,2,"NST-EST2022-POPCHG2020_2022.csv; NST-EST2022-ALLDATA.csv"
POPESTIMATE2019,1,2.0,1,"nc-est2019-agesex-res.csv"
COUNTY,1,2.0,1,"co-est2018-alldata.csv"
STNAME,1,2.0,1,"co-est2018-alldata.csv"
CTYNAME,1,2.0,1,"co-est2018-alldata.csv"
NPOPCHG_2010,1,2.0,1,"co-est2018-alldata.csv"
NPOPCHG_2011,1,2.0,1,"co-est2018-alldata.csv"
NPOPCHG_2012,1,2.0,1,"co-est2018-alldata.csv"
NPOPCHG_2013,1,2.0,1,"co-est2018-alldata.csv"
NPOPCHG_2014,1,2.0,1,"co-est2018-alldata.csv"
NPOPCHG_2015,1,2.0,1,"co-est2018-alldata.csv"
NPOPCHG_2016,1,2.0,1,"co-est2018-alldata.csv"
NPOPCHG_2017,1,2.0,1,"co-est2018-alldata.csv"
NPOPCHG_2018,1,2.0,1,"co-est2018-alldata.csv"
GQESTIMATESBASE2010,1,2.0,1,"co-est2018-alldata.csv"
GQESTIMATES2010,1,2.0,1,"co-est2018-alldata.csv"
GQESTIMATES2011,1,2.0,1,"co-est2018-alldata.csv"
GQESTIMATES2012,1,2.0,1,"co-est2018-alldata.csv"
GQESTIMATES2013,1,2.0,1,"co-est2018-alldata.csv"
GQESTIMATES2014,1,2.0,1,"co-est2018-alldata.csv"
GQESTIMATES2015,1,2.0,1,"co-est2018-alldata.csv"
GQESTIMATES2016,1,2.0,1,"co-est2018-alldata.csv"
GQESTIMATES2017,1,2.0,1,"co-est2018-alldata.csv"
GQESTIMATES2018,1,2.0,1,"co-est2018-alldata.csv"
RBIRTH2011,1,2.0,1,"co-est2018-alldata.csv"
RBIRTH2012,1,2.0,1,"co-est2018-alldata.csv"
RBIRTH2013,1,2.0,1,"co-est2018-alldata.csv"
RBIRTH2014,1,2.0,1,"co-est2018-alldata.csv"
RBIRTH2015,1,2.0,1,"co-est2018-alldata.csv"
RBIRTH2016,1,2.0,1,"co-est2018-alldata.csv"
RBIRTH2017,1,2.0,1,"co-est2018-alldata.csv"
RBIRTH2018,1,2.0,1,"co-est2018-alldata.csv"
RDEATH2011,1,2.0,1,"co-est2018-alldata.csv"
RDEATH2012,1,2.0,1,"co-est2018-alldata.csv"
RDEATH2013,1,2.0,1,"co-est2018-alldata.csv"
RDEATH2014,1,2.0,1,"co-est2018-alldata.csv"
RDEATH2015,1,2.0,1,"co-est2018-alldata.csv"
RDEATH2016,1,2.0,1,"co-est2018-alldata.csv"
RDEATH2017,1,2.0,1,"co-est2018-alldata.csv"
RDEATH2018,1,2.0,1,"co-est2018-alldata.csv"
RNATURALINC2011,1,2.0,1,"co-est2018-alldata.csv"
RNATURALINC2012,1,2.0,1,"co-est2018-alldata.csv"
RNATURALINC2013,1,2.0,1,"co-est2018-alldata.csv"
RNATURALINC2014,1,2.0,1,"co-est2018-alldata.csv"
RNATURALINC2015,1,2.0,1,"co-est2018-alldata.csv"
RNATURALINC2016,1,2.0,1,"co-est2018-alldata.csv"
RNATURALINC2017,1,2.0,1,"co-est2018-alldata.csv"
RNATURALINC2018,1,2.0,1,"co-est2018-alldata.csv"
RINTERNATIONALMIG2011,1,2.0,1,"co-est2018-alldata.csv"
RINTERNATIONALMIG2012,1,2.0,1,"co-est2018-alldata.csv"
RINTERNATIONALMIG2013,1,2.0,1,"co-est2018-alldata.csv"
RINTERNATIONALMIG2014,1,2.0,1,"co-est2018-alldata.csv"
RINTERNATIONALMIG2015,1,2.0,1,"co-est2018-alldata.csv"
RINTERNATIONALMIG2016,1,2.0,1,"co-est2018-alldata.csv"
RINTERNATIONALMIG2017,1,2.0,1,"co-est2018-alldata.csv"
RINTERNATIONALMIG2018,1,2.0,1,"co-est2018-alldata.csv"
RDOMESTICMIG2011,1,2.0,1,"co-est2018-alldata.csv"
RDOMESTICMIG2012,1,2.0,1,"co-est2018-alldata.csv"
RDOMESTICMIG2013,1,2.0,1,"co-est2018-alldata.csv"
RDOMESTICMIG2014,1,2.0,1,"co-est2018-alldata.csv"
RDOMESTICMIG2015,1,2.0,1,"co-est2018-alldata.csv"
RDOMESTICMIG2016,1,2.0,1,"co-est2018-alldata.csv"
RDOMESTICMIG2017,1,2.0,1,"co-est2018-alldata.csv"
RDOMESTICMIG2018,1,2.0,1,"co-est2018-alldata.csv"
RNETMIG2011,1,2.0,1,"co-est2018-alldata.csv"
RNETMIG2012,1,2.0,1,"co-est2018-alldata.csv"
RNETMIG2013,1,2.0,1,"co-est2018-alldata.csv"
RNETMIG2014,1,2.0,1,"co-est2018-alldata.csv"
RNETMIG2015,1,2.0,1,"co-est2018-alldata.csv"
RNETMIG2016,1,2.0,1,"co-est2018-alldata.csv"
RNETMIG2017,1,2.0,1,"co-est2018-alldata.csv"
RNETMIG2018,1,2.0,1,"co-est2018-alldata.csv"
CSA,1,2.0,1,"csa-est2018-alldata.csv"
CBSA,1,2.0,1,"csa-est2018-alldata.csv"
MDIV,1,2.0,1,"csa-est2018-alldata.csv"
STCOU,1,2.0,1,"csa-est2018-alldata.csv"
LSAD,1,2.0,1,"csa-est2018-alldata.csv"
NPOPCHG2010,1,2.0,1,"csa-est2018-alldata.csv"
NPOPCHG2011,1,2.0,1,"csa-est2018-alldata.csv"
NPOPCHG2012,1,2.0,1,"csa-est2018-alldata.csv"
NPOPCHG2013,1,2.0,1,"csa-est2018-alldata.csv"
NPOPCHG2014,1,2.0,1,"csa-est2018-alldata.csv"
NPOPCHG2015,1,2.0,1,"csa-est2018-alldata.csv"
NPOPCHG2016,1,2.0,1,"csa-est2018-alldata.csv"
NPOPCHG2017,1,2.0,1,"csa-est2018-alldata.csv"
NPOPCHG2018,1,2.0,1,"csa-est2018-alldata.csv"
ESTBASE2020_CIV,1,2.0,1,"sc-est2022-agesex-civ.csv"
POPEST2020_CIV,1,2.0,1,"sc-est2022-agesex-civ.csv"
POPEST2021_CIV,1,2.0,1,"sc-est2022-agesex-civ.csv"
POPEST2022_CIV,1,2.0,1,"sc-est2022-agesex-civ.csv"
PPOPCHG_2020,1,2.0,1,"NST-EST2022-POPCHG2020_2022.csv"
PPOPCHG_2021,1,2.0,1,"NST-EST2022-POPCHG2020_2022.csv"
PPOPCHG_2022,1,2.0,1,"NST-EST2022-POPCHG2020_2022.csv"
NRANK_ESTBASE2020,1,2.0,1,"NST-EST2022-POPCHG2020_2022.csv"
NRANK_POPEST2020,1,2.0,1,"NST-EST2022-POPCHG2020_2022.csv"
NRANK_POPEST2021,1,2.0,1,"NST-EST2022-POPCHG2020_2022.csv"
NRANK_POPEST2022,1,2.0,1,"NST-EST2022-POPCHG2020_2022.csv"
NRANK_NPCHG2020,1,2.0,1,"NST-EST2022-POPCHG2020_2022.csv"
NRANK_NPCHG2021,1,2.0,1,"NST-EST2022-POPCHG2020_2022.csv"
NRANK_NPCHG2022,1,2.0,1,"NST-EST2022-POPCHG2020_2022.csv"
NRANK_PPCHG2020,1,2.0,1,"NST-EST2022-POPCHG2020_2022.csv"
NRANK_PPCHG2021,1,2.0,1,"NST-EST2022-POPCHG2020_2022.csv"
NRANK_PPCHG2022,1,2.0,1,"NST-EST2022-POPCHG2020_2022.csv"
BIRTHS2020,1,2.0,1,"NST-EST2022-ALLDATA.csv"
BIRTHS2021,1,2.0,1,"NST-EST2022-ALLDATA.csv"
BIRTHS2022,1,2.0,1,"NST-EST2022-ALLDATA.csv"
DEATHS2020,1,2.0,1,"NST-EST2022-ALLDATA.csv"
DEATHS2021,1,2.0,1,"NST-EST2022-ALLDATA.csv"
DEATHS2022,1,2.0,1,"NST-EST2022-ALLDATA.csv"
NATURALCHG2020,1,2.0,1,"NST-EST2022-ALLDATA.csv"
NATURALCHG2021,1,2.0,1,"NST-EST2022-ALLDATA.csv"
NATURALCHG2022,1,2.0,1,"NST-EST2022-ALLDATA.csv"
INTERNATIONALMIG2020,1,2.0,1,"NST-EST2022-ALLDATA.csv"
INTERNATIONALMIG2021,1,2.0,1,"NST-EST2022-ALLDATA.csv"
INTERNATIONALMIG2022,1,2.0,1,"NST-EST2022-ALLDATA.csv"
DOMESTICMIG2020,1,2.0,1,"NST-EST2022-ALLDATA.csv"
DOMESTICMIG2021,1,2.0,1,"NST-EST2022-ALLDATA.csv"
DOMESTICMIG2022,1,2.0,1,"NST-EST2022-ALLDATA.csv"
NETMIG2020,1,2.0,1,"NST-EST2022-ALLDATA.csv"
NETMIG2021,1,2.0,1,"NST-EST2022-ALLDATA.csv"
NETMIG2022,1,2.0,1,"NST-EST2022-ALLDATA.csv"
RESIDUAL2020,1,2.0,1,"NST-EST2022-ALLDATA.csv"
RESIDUAL2021,1,2.0,1,"NST-EST2022-ALLDATA.csv"
RESIDUAL2022,1,2.0,1,"NST-EST2022-ALLDATA.csv"
RBIRTH2021,1,2.0,1,"NST-EST2022-ALLDATA.csv"
RBIRTH2022,1,2.0,1,"NST-EST2022-ALLDATA.csv"
RDEATH2021,1,2.0,1,"NST-EST2022-ALLDATA.csv"
RDEATH2022,1,2.0,1,"NST-EST2022-ALLDATA.csv"
RNATURALCHG2021,1,2.0,1,"NST-EST2022-ALLDATA.csv"
RNATURALCHG2022,1,2.0,1,"NST-EST2022-ALLDATA.csv"
RINTERNATIONALMIG2021,1,2.0,1,"NST-EST2022-ALLDATA.csv"
RINTERNATIONALMIG2022,1,2.0,1,"NST-EST2022-ALLDATA.csv"
RDOMESTICMIG2021,1,2.0,1,"NST-EST2022-ALLDATA.csv"
RDOMESTICMIG2022,1,2.0,1,"NST-EST2022-ALLDATA.csv"
RNETMIG2021,1,2.0,1,"NST-EST2022-ALLDATA.csv"
RNETMIG2022,1,2.0,1,"NST-EST2022-ALLDATA.csv"
